{
  "Working Directory": "\/Users\/bart",
  "Prompt Before Closing 2": false,
  "Selected Text Color": {
    "Green Component": 1,
    "Blue Component": 1,
    "Red Component": 1
  },
  "Rows": 25,
  "Ansi 11 Color": {
    "Green Component": 0.98039215686274506,
    "Blue Component": 0.5490196078431373,
    "Red Component": 0.94509803921568625
  },
  "Use Italic Font": true,
  "Foreground Color": {
    "Green Component": 0.90032327175140381,
    "Blue Component": 0.90032327175140381,
    "Red Component": 0.90032327175140381
  },
  "Right Option Key Sends": 0,
  "Character Encoding": 4,
  "Selection Color": {
    "Green Component": 0.27843138575553894,
    "Blue Component": 0.35294118523597717,
    "Red Component": 0.26666668057441711
  },
  "Mouse Reporting": true,
  "Cursor Boost": 0,
  "Ansi 4 Color": {
    "Green Component": 0.57647058823529407,
    "Blue Component": 0.97647058823529409,
    "Red Component": 0.74117647058823533
  },
  "Non-ASCII Anti Aliased": true,
  "Sync Title": false,
  "Disable Window Resizing": true,
  "Description": "Default",
  "Close Sessions On End": true,
  "Jobs to Ignore": [
    "rlogin",
    "ssh",
    "slogin",
    "telnet"
  ],
  "Scrollback With Status Bar": false,
  "Scrollback Lines": 1000,
  "Flashing Bell": false,
  "Cursor Guide Color": {
    "Red Component": 0.70213186740875244,
    "Color Space": "sRGB",
    "Blue Component": 1,
    "Alpha Component": 0.25,
    "Green Component": 0.9268307089805603
  },
  "BM Growl": true,
  "Ansi 3 Color": {
    "Green Component": 0.98039215686274506,
    "Blue Component": 0.5490196078431373,
    "Red Component": 0.94509803921568625
  },
  "Use Non-ASCII Font": false,
  "Link Color": {
    "Red Component": 0,
    "Color Space": "sRGB",
    "Blue Component": 0.73423302173614502,
    "Alpha Component": 1,
    "Green Component": 0.35916060209274292
  },
  "Shortcut": "",
  "Background Image Location": "",
  "Bold Color": {
    "Green Component": 0.90237069129943848,
    "Blue Component": 0.90237069129943848,
    "Red Component": 0.90237069129943848
  },
  "Unlimited Scrollback": false,
  "Custom Command": "No",
  "Keyboard Map": {
    "0xf700-0x260000": {
      "Action": 10,
      "Text": "[1;6A"
    },
    "0x37-0x40000": {
      "Action": 11,
      "Text": "0x1f"
    },
    "0x32-0x40000": {
      "Action": 11,
      "Text": "0x00"
    },
    "0xf709-0x20000": {
      "Action": 10,
      "Text": "[17;2~"
    },
    "0xf70c-0x20000": {
      "Action": 10,
      "Text": "[20;2~"
    },
    "0xf729-0x20000": {
      "Action": 10,
      "Text": "[1;2H"
    },
    "0xf72b-0x40000": {
      "Action": 10,
      "Text": "[1;5F"
    },
    "0xf705-0x20000": {
      "Action": 10,
      "Text": "[1;2Q"
    },
    "0xf703-0x260000": {
      "Action": 10,
      "Text": "[1;6C"
    },
    "0xf700-0x220000": {
      "Action": 10,
      "Text": "[1;2A"
    },
    "0xf701-0x280000": {
      "Action": 11,
      "Text": "0x1b 0x1b 0x5b 0x42"
    },
    "0x38-0x40000": {
      "Action": 11,
      "Text": "0x7f"
    },
    "0x33-0x40000": {
      "Action": 11,
      "Text": "0x1b"
    },
    "0xf703-0x220000": {
      "Action": 10,
      "Text": "[1;2C"
    },
    "0xf701-0x240000": {
      "Action": 10,
      "Text": "[1;5B"
    },
    "0xf70d-0x20000": {
      "Action": 10,
      "Text": "[21;2~"
    },
    "0xf702-0x260000": {
      "Action": 10,
      "Text": "[1;6D"
    },
    "0xf729-0x40000": {
      "Action": 10,
      "Text": "[1;5H"
    },
    "0xf706-0x20000": {
      "Action": 10,
      "Text": "[1;2R"
    },
    "0x34-0x40000": {
      "Action": 11,
      "Text": "0x1c"
    },
    "0xf700-0x280000": {
      "Action": 11,
      "Text": "0x1b 0x1b 0x5b 0x41"
    },
    "0x2d-0x40000": {
      "Action": 11,
      "Text": "0x1f"
    },
    "0xf70e-0x20000": {
      "Action": 10,
      "Text": "[23;2~"
    },
    "0xf702-0x220000": {
      "Action": 10,
      "Text": "[1;2D"
    },
    "0xf703-0x280000": {
      "Action": 11,
      "Text": "0x1b 0x1b 0x5b 0x43"
    },
    "0xf700-0x240000": {
      "Action": 10,
      "Text": "[1;5A"
    },
    "0xf707-0x20000": {
      "Action": 10,
      "Text": "[1;2S"
    },
    "0xf70a-0x20000": {
      "Action": 10,
      "Text": "[18;2~"
    },
    "0x35-0x40000": {
      "Action": 11,
      "Text": "0x1d"
    },
    "0xf70f-0x20000": {
      "Action": 10,
      "Text": "[24;2~"
    },
    "0xf703-0x240000": {
      "Action": 10,
      "Text": "[1;5C"
    },
    "0xf701-0x260000": {
      "Action": 10,
      "Text": "[1;6B"
    },
    "0xf702-0x280000": {
      "Action": 11,
      "Text": "0x1b 0x1b 0x5b 0x44"
    },
    "0xf72b-0x20000": {
      "Action": 10,
      "Text": "[1;2F"
    },
    "0x36-0x40000": {
      "Action": 11,
      "Text": "0x1e"
    },
    "0xf708-0x20000": {
      "Action": 10,
      "Text": "[15;2~"
    },
    "0xf701-0x220000": {
      "Action": 10,
      "Text": "[1;2B"
    },
    "0xf70b-0x20000": {
      "Action": 10,
      "Text": "[19;2~"
    },
    "0xf702-0x240000": {
      "Action": 10,
      "Text": "[1;5D"
    },
    "0xf704-0x20000": {
      "Action": 10,
      "Text": "[1;2P"
    }
  },
  "Ansi 14 Color": {
    "Green Component": 0.9137254901960784,
    "Blue Component": 0.99215686274509807,
    "Red Component": 0.54509803921568623
  },
  "Ansi 2 Color": {
    "Green Component": 0.98039215686274506,
    "Blue Component": 0.4823529411764706,
    "Red Component": 0.31372549019607843
  },
  "Send Code When Idle": false,
  "ASCII Anti Aliased": true,
  "Tags": [],
  "Ansi 9 Color": {
    "Green Component": 0.33333333333333331,
    "Blue Component": 0.33333333333333331,
    "Red Component": 1
  },
  "Use Bold Font": true,
  "Silence Bell": false,
  "Ansi 12 Color": {
    "Green Component": 0.57647058823529407,
    "Blue Component": 0.97647058823529409,
    "Red Component": 0.74117647058823533
  },
  "Window Type": 0,
  "Use Bright Bold": true,
  "Cursor Text Color": {
    "Green Component": 1,
    "Blue Component": 1,
    "Red Component": 1
  },
  "Default Bookmark": "No",
  "Cursor Color": {
    "Green Component": 0.73333334922790527,
    "Blue Component": 0.73333334922790527,
    "Red Component": 0.73333334922790527
  },
  "Ansi 1 Color": {
    "Green Component": 0.3333333432674408,
    "Blue Component": 0.3333333432674408,
    "Red Component": 1
  },
  "Name": " ",
  "Blinking Cursor": false,
  "Guid": "56B20D59-A8AA-4F0F-A191-34AB8EFEF12D",
  "Idle Code": 0,
  "Ansi 10 Color": {
    "Green Component": 0.98039215686274506,
    "Blue Component": 0.4823529411764706,
    "Red Component": 0.31372549019607843
  },
  "Ansi 8 Color": {
    "Green Component": 0.33333333333333331,
    "Blue Component": 0.33333333333333331,
    "Red Component": 0.33333333333333331
  },
  "Badge Color": {
    "Red Component": 1,
    "Color Space": "sRGB",
    "Blue Component": 0,
    "Alpha Component": 0.5,
    "Green Component": 0.1491314172744751
  },
  "Ambiguous Double Width": false,
  "Cursor Type": 0,
  "Ansi 0 Color": {
    "Green Component": 0,
    "Blue Component": 0,
    "Red Component": 0
  },
  "Blur": false,
  "Normal Font": "FiraCode-Retina 14",
  "Vertical Spacing": 1,
  "Use Underline Color": false,
  "Ansi 7 Color": {
    "Green Component": 0.73333334922790527,
    "Blue Component": 0.73333334922790527,
    "Red Component": 0.73333334922790527
  },
  "Command": "",
  "Terminal Type": "xterm-256color",
  "Horizontal Spacing": 1,
  "Option Key Sends": 0,
  "Only The Default BG Color Uses Transparency": true,
  "Blink Allowed": false,
  "Minimum Contrast": 0,
  "Ansi 15 Color": {
    "Green Component": 1,
    "Blue Component": 1,
    "Red Component": 1
  },
  "Unicode Version": 8,
  "Ansi 6 Color": {
    "Green Component": 0.9137254901960784,
    "Blue Component": 0.99215686274509807,
    "Red Component": 0.54509803921568623
  },
  "Transparency": 0,
  "Initial Text": "tmux new-session -A -s main",
  "Background Color": {
    "Red Component": 0.18823529411764706,
    "Color Space": "sRGB",